image_url,image_filename,crawled_at,search_term
https://i.pinimg.com/236x/1a/bd/67/1abd67b175a92f44ba5e7e5ed8f21df5.jpg,korean women fashion winter asian style_20250123_204117_0.jpg,2025-01-23 20:41:17,korean women fashion winter asian style
https://i.pinimg.com/236x/3d/7f/6b/3d7f6b5ba5160b59dd41be9593dc6616.jpg,korean women fashion winter asian style_20250123_204117_1.jpg,2025-01-23 20:41:17,korean women fashion winter asian style
https://i.pinimg.com/236x/5f/a9/77/5fa97711ca3540fb326599686b12feb7.jpg,korean women fashion winter asian style_20250123_204117_2.jpg,2025-01-23 20:41:17,korean women fashion winter asian style
https://i.pinimg.com/236x/a0/97/b0/a097b0b5da77d75aa35ec88f30a1483f.jpg,korean women fashion winter asian style_20250123_204117_3.jpg,2025-01-23 20:41:17,korean women fashion winter asian style
https://i.pinimg.com/236x/ee/73/77/ee7377246127d1316f6f22a6fa1097fe.jpg,korean women fashion winter asian style_20250123_204117_4.jpg,2025-01-23 20:41:17,korean women fashion winter asian style
https://i.pinimg.com/236x/1b/71/03/1b710364aadcc8260bcb89f1dd86e981.jpg,korean women fashion winter asian style_20250123_204117_5.jpg,2025-01-23 20:41:17,korean women fashion winter asian style
https://i.pinimg.com/236x/2a/00/27/2a0027d61ed60c42234fd794a7c231ec.jpg,korean women fashion winter asian style_20250123_204117_6.jpg,2025-01-23 20:41:18,korean women fashion winter asian style
https://i.pinimg.com/236x/af/e6/f4/afe6f485e4fa8b3958b041f40dfb999a.jpg,korean women fashion winter asian style_20250123_204118_7.jpg,2025-01-23 20:41:18,korean women fashion winter asian style
https://i.pinimg.com/236x/8c/8a/2a/8c8a2ad17c87f12df13a726fce0af880.jpg,korean women fashion winter asian style_20250123_204118_8.jpg,2025-01-23 20:41:18,korean women fashion winter asian style
https://i.pinimg.com/236x/15/9e/4f/159e4f01278a5e7dd24964129c41a4ef.jpg,korean women fashion winter asian style_20250123_204118_9.jpg,2025-01-23 20:41:18,korean women fashion winter asian style
https://i.pinimg.com/236x/66/6a/0d/666a0d5613331c504f0e777743d11740.jpg,korean women fashion winter asian style_20250123_204118_10.jpg,2025-01-23 20:41:19,korean women fashion winter asian style
https://i.pinimg.com/236x/7b/dd/e4/7bdde45f69e44472699b66a8e9892050.jpg,short sleeve classy outfit for women_20250123_205657_0.jpg,2025-01-23 20:56:57,short sleeve classy outfit for women
https://i.pinimg.com/236x/68/07/24/680724ccd872c2eedd12374e4ce44fef.jpg,short sleeve classy outfit for women_20250123_205657_1.jpg,2025-01-23 20:56:57,short sleeve classy outfit for women
https://i.pinimg.com/236x/e6/10/5d/e6105df491d98b2f3f8856a6ad8b7a6c.jpg,short sleeve classy outfit for women_20250123_205657_2.jpg,2025-01-23 20:56:58,short sleeve classy outfit for women
https://i.pinimg.com/236x/d0/b9/8a/d0b98ab126d1373913c60af53ec01234.jpg,short sleeve classy outfit for women_20250123_205658_3.jpg,2025-01-23 20:56:58,short sleeve classy outfit for women
https://i.pinimg.com/736x/05/13/5f/05135fa0c68821bd11322f0067f9eeef.jpg,short sleeve classy outfit for women_20250123_205658_4.jpg,2025-01-23 20:56:58,short sleeve classy outfit for women
https://i.pinimg.com/736x/85/c1/e8/85c1e886eca95335439b7d64b6747ce5.jpg,short sleeve classy outfit for women_20250123_205658_5.jpg,2025-01-23 20:56:58,short sleeve classy outfit for women
https://i.pinimg.com/236x/f3/20/74/f32074aab972eb0ab64a1d3aa4151abb.jpg,short sleeve classy outfit for women_20250123_205658_6.jpg,2025-01-23 20:56:59,short sleeve classy outfit for women
https://i.pinimg.com/236x/d8/09/57/d80957d34580b0c0f25b99187378c8d4.jpg,short sleeve classy outfit for women_20250123_205659_7.jpg,2025-01-23 20:56:59,short sleeve classy outfit for women
https://i.pinimg.com/236x/4e/0f/c7/4e0fc719602abd4de304f9a9c2515269.jpg,short sleeve classy outfit for women_20250123_205659_8.jpg,2025-01-23 20:56:59,short sleeve classy outfit for women
https://i.pinimg.com/236x/ee/1e/dd/ee1edd1d4a709dd6519233140fee80ac.jpg,short sleeve classy outfit for women_20250123_205659_9.jpg,2025-01-23 20:56:59,short sleeve classy outfit for women
https://i.pinimg.com/236x/e3/a9/52/e3a952433b2f0c9602414f9d8de87a6b.jpg,short sleeve classy outfit for women_20250123_205659_10.jpg,2025-01-23 20:57:00,short sleeve classy outfit for women
https://i.pinimg.com/236x/19/f6/c2/19f6c21b08d62089125ab64853053be6.jpg,demure outfit for women_20250123_205839_0.jpg,2025-01-23 20:58:39,demure outfit for women
https://i.pinimg.com/236x/54/ae/5b/54ae5b6191b12a249a4fbe118264a5b5.jpg,demure outfit for women_20250123_205839_1.jpg,2025-01-23 20:58:39,demure outfit for women
https://i.pinimg.com/236x/69/35/3d/69353d5a21b4398924952b944c95c045.jpg,demure outfit for women_20250123_205839_2.jpg,2025-01-23 20:58:39,demure outfit for women
https://i.pinimg.com/236x/62/29/1c/62291c94780907a33bc625c0814239db.jpg,demure outfit for women_20250123_205839_3.jpg,2025-01-23 20:58:39,demure outfit for women
https://i.pinimg.com/236x/dd/48/d8/dd48d858f620e2d8f77276f1c15f48da.jpg,demure outfit for women_20250123_205839_4.jpg,2025-01-23 20:58:39,demure outfit for women
https://i.pinimg.com/236x/60/9f/79/609f79e0a72786306bd37e8f5cbc3161.jpg,demure outfit for women_20250123_205839_5.jpg,2025-01-23 20:58:39,demure outfit for women
https://i.pinimg.com/236x/f0/8c/ca/f08cca52af86bb19c20286f5d0a318dc.jpg,demure outfit for women_20250123_205839_6.jpg,2025-01-23 20:58:40,demure outfit for women
https://i.pinimg.com/236x/2f/c4/8d/2fc48d8bdba9d47e8af5b77b6af31668.jpg,demure outfit for women_20250123_205840_7.jpg,2025-01-23 20:58:40,demure outfit for women
https://i.pinimg.com/236x/32/d8/18/32d81823b9d7da576d35f2754cd7d41a.jpg,daily outfit for korean women_20250123_210023_0.jpg,2025-01-23 21:00:23,daily outfit for korean women
https://i.pinimg.com/236x/27/c2/20/27c220fc5db84dd5b87715dde29679a7.jpg,daily outfit for korean women_20250123_210023_1.jpg,2025-01-23 21:00:23,daily outfit for korean women
https://i.pinimg.com/236x/d7/02/dc/d702dc80b8cdc95174a309694e8b56da.jpg,daily outfit for korean women_20250123_210023_2.jpg,2025-01-23 21:00:24,daily outfit for korean women
https://i.pinimg.com/236x/e5/1a/1c/e51a1c552f3f14d1c03fe7f84cde93ab.jpg,daily outfit for korean women_20250123_210024_3.jpg,2025-01-23 21:00:24,daily outfit for korean women
https://i.pinimg.com/236x/ef/72/0b/ef720bb8618fc64bf214cbe8edadff9d.jpg,daily outfit for korean women_20250123_210024_4.jpg,2025-01-23 21:00:24,daily outfit for korean women
https://i.pinimg.com/236x/63/20/19/632019255e9b0e92e05af0cd4f8a21db.jpg,daily outfit for korean women_20250123_210024_5.jpg,2025-01-23 21:00:24,daily outfit for korean women
https://i.pinimg.com/236x/a5/8c/e8/a58ce8de5582b68ca734715e3ce9b965.jpg,daily outfit for korean women_20250123_210024_6.jpg,2025-01-23 21:00:24,daily outfit for korean women
https://i.pinimg.com/236x/4c/ba/36/4cba368aaa0f986e218b994c3ae7588d.jpg,daily outfit for korean women_20250123_210024_7.jpg,2025-01-23 21:00:25,daily outfit for korean women
https://i.pinimg.com/236x/83/56/d4/8356d4bd3e360cdb50d4d3d44ee86fa8.jpg,daily outfit for korean women_20250123_210025_8.jpg,2025-01-23 21:00:25,daily outfit for korean women
https://i.pinimg.com/236x/93/5f/ee/935feea59875980b66615fac4c2def4b.jpg,daily outfit for korean women_20250123_210025_9.jpg,2025-01-23 21:00:25,daily outfit for korean women
https://i.pinimg.com/236x/65/d2/a3/65d2a33ff47e7490d116f37a6bc3cee3.jpg,daily outfit for korean women_20250123_210025_10.jpg,2025-01-23 21:00:25,daily outfit for korean women
https://i.pinimg.com/236x/d7/9d/53/d79d5315a022a4c282fe46c6367a521f.jpg,daily outfit for korean women_20250123_210025_11.jpg,2025-01-23 21:00:26,daily outfit for korean women
https://i.pinimg.com/236x/99/ee/59/99ee59f258c5357f0e8c0aab149584b9.jpg,daily outfit for korean women_20250123_210026_12.jpg,2025-01-23 21:00:26,daily outfit for korean women
https://i.pinimg.com/236x/33/4a/27/334a2710ce0fd8f76315d20b456083a4.jpg,summer daily outfit for korean women_20250123_210206_0.jpg,2025-01-23 21:02:06,summer daily outfit for korean women
https://i.pinimg.com/236x/4f/b3/02/4fb3024ebb49d83d7fb0c59fed1e4812.jpg,summer daily outfit for korean women_20250123_210206_1.jpg,2025-01-23 21:02:06,summer daily outfit for korean women
https://i.pinimg.com/236x/fd/7f/b8/fd7fb8afc752dce0ba1c4f30800d9e10.jpg,summer daily outfit for korean women_20250123_210206_2.jpg,2025-01-23 21:02:06,summer daily outfit for korean women
https://i.pinimg.com/236x/2f/18/c2/2f18c2dbe77c1260583a3c559d02d281.jpg,summer daily outfit for korean women_20250123_210206_3.jpg,2025-01-23 21:02:06,summer daily outfit for korean women
https://i.pinimg.com/236x/4c/ba/36/4cba368aaa0f986e218b994c3ae7588d.jpg,summer daily outfit for korean women_20250123_210206_4.jpg,2025-01-23 21:02:06,summer daily outfit for korean women
https://i.pinimg.com/236x/59/b1/d2/59b1d23591f26f578993d1e074064ad8.jpg,summer daily outfit for korean women_20250123_210206_5.jpg,2025-01-23 21:02:07,summer daily outfit for korean women
https://i.pinimg.com/236x/6f/da/cd/6fdacd8da1a99c53e267e84dd40c2fc5.jpg,summer daily outfit for korean women_20250123_210207_6.jpg,2025-01-23 21:02:07,summer daily outfit for korean women
https://i.pinimg.com/236x/b3/33/a1/b333a1d54f1f0940d4746f12922baf2c.jpg,summer daily outfit for korean women_20250123_210207_7.jpg,2025-01-23 21:02:07,summer daily outfit for korean women
https://i.pinimg.com/236x/54/c9/15/54c91528d0415221bfa987cc077d3424.jpg,summer daily outfit for korean women_20250123_210207_8.jpg,2025-01-23 21:02:07,summer daily outfit for korean women
https://i.pinimg.com/236x/18/1e/87/181e87c6a84901321baacfac3ec10dce.jpg,summer daily outfit for korean women_20250123_210208_9.jpg,2025-01-23 21:02:08,summer daily outfit for korean women
https://i.pinimg.com/236x/ee/52/6e/ee526e51af34b5d64a961407d04c4951.jpg,summer daily outfit for korean women_20250123_210208_10.jpg,2025-01-23 21:02:08,summer daily outfit for korean women
https://i.pinimg.com/236x/a8/b3/b4/a8b3b4cdbf5a30067edcd85693886b35.jpg,winter daily outfit for korean women_20250123_210347_0.jpg,2025-01-23 21:03:48,winter daily outfit for korean women
https://i.pinimg.com/236x/20/07/47/2007479c099a7254ac3d35a8a6172b1f.jpg,winter daily outfit for korean women_20250123_210348_1.jpg,2025-01-23 21:03:48,winter daily outfit for korean women
https://i.pinimg.com/236x/5f/9e/76/5f9e7682bff1ba1f9cef9d68415c4630.jpg,winter daily outfit for korean women_20250123_210348_2.jpg,2025-01-23 21:03:48,winter daily outfit for korean women
https://i.pinimg.com/236x/39/e1/48/39e148d7b2dba9a2a4e9b957ba405aaf.jpg,winter daily outfit for korean women_20250123_210348_3.jpg,2025-01-23 21:03:48,winter daily outfit for korean women
https://i.pinimg.com/236x/3d/f1/94/3df19489e02e6c62b24ef86ec083797d.jpg,winter daily outfit for korean women_20250123_210348_4.jpg,2025-01-23 21:03:48,winter daily outfit for korean women
https://i.pinimg.com/236x/99/ee/59/99ee59f258c5357f0e8c0aab149584b9.jpg,winter daily outfit for korean women_20250123_210348_5.jpg,2025-01-23 21:03:48,winter daily outfit for korean women
https://i.pinimg.com/236x/f0/c4/fb/f0c4fb00d7b3ba070be889efe2ee4636.jpg,winter daily outfit for korean women_20250123_210348_6.jpg,2025-01-23 21:03:49,winter daily outfit for korean women
https://i.pinimg.com/236x/e3/fc/ea/e3fcea3d670aed3562ec318e45e1a25b.jpg,winter daily outfit for korean women_20250123_210349_7.jpg,2025-01-23 21:03:49,winter daily outfit for korean women
https://i.pinimg.com/236x/61/01/d2/6101d27ff05735744a6e0ee152f3619e.jpg,resort outfit for korean women_20250123_210527_0.jpg,2025-01-23 21:05:28,resort outfit for korean women
https://i.pinimg.com/236x/78/77/e5/7877e5e307b0eeee32a68dc5feca2569.jpg,resort outfit for korean women_20250123_210528_1.jpg,2025-01-23 21:05:28,resort outfit for korean women
https://i.pinimg.com/236x/5f/af/e1/5fafe12217abd05876d90c3a2c2ee882.jpg,resort outfit for korean women_20250123_210528_2.jpg,2025-01-23 21:05:30,resort outfit for korean women
https://i.pinimg.com/236x/85/d5/99/85d599485295e368f34644a0786924d0.jpg,resort outfit for korean women_20250123_210530_3.jpg,2025-01-23 21:05:30,resort outfit for korean women
https://i.pinimg.com/236x/9a/83/1d/9a831df885a2504f55aaed056a421cdb.jpg,resort outfit for korean women_20250123_210530_4.jpg,2025-01-23 21:05:30,resort outfit for korean women
https://i.pinimg.com/236x/b2/32/39/b232396d62166f55d830390deadfa693.jpg,resort outfit for korean women_20250123_210530_5.jpg,2025-01-23 21:05:30,resort outfit for korean women
https://i.pinimg.com/236x/ab/ff/3f/abff3f7009b74b24f54fbd086443ea5b.jpg,resort outfit for korean women_20250123_210530_6.jpg,2025-01-23 21:05:31,resort outfit for korean women
https://i.pinimg.com/236x/fd/48/25/fd48251030c2d1f2984f91e591f2e17d.jpg,resort outfit for korean women_20250123_210531_7.jpg,2025-01-23 21:05:31,resort outfit for korean women
https://i.pinimg.com/236x/77/7a/63/777a63bd8c37d2fd7acd3a7761aa1f88.jpg,resort outfit for korean women_20250123_210531_8.jpg,2025-01-23 21:05:31,resort outfit for korean women
https://i.pinimg.com/236x/42/a2/a3/42a2a36afdf522f9331526c103d02546.jpg,resort outfit for korean women_20250123_210531_9.jpg,2025-01-23 21:05:32,resort outfit for korean women
https://i.pinimg.com/236x/5b/61/bf/5b61bffef3f16f2e0a46b002662eddcc.jpg,resort outfit for korean women_20250123_210532_10.jpg,2025-01-23 21:05:32,resort outfit for korean women
https://i.pinimg.com/236x/c9/70/b0/c970b05a02e973a9afd6733794d26e9b.jpg,resort outfit for korean women_20250123_210532_11.jpg,2025-01-23 21:05:32,resort outfit for korean women
https://i.pinimg.com/236x/b8/9e/02/b89e026f490192a7590d1370dda7266d.jpg,resort outfit for korean women_20250123_210532_12.jpg,2025-01-23 21:05:32,resort outfit for korean women
https://i.pinimg.com/236x/cf/d3/40/cfd3404d1d5f5818790e9e7140a473a3.jpg,resort outfit for korean women_20250123_210533_13.jpg,2025-01-23 21:05:33,resort outfit for korean women
https://i.pinimg.com/236x/67/0d/2d/670d2d8dcdc744a0362cc1d1103f8880.jpg,cute outfit for korean women_20250123_210712_0.jpg,2025-01-23 21:07:12,cute outfit for korean women
https://i.pinimg.com/236x/97/00/1d/97001d5dde127ee38f534c488a7cc4d4.jpg,cute outfit for korean women_20250123_210712_1.jpg,2025-01-23 21:07:12,cute outfit for korean women
https://i.pinimg.com/236x/e3/4e/36/e34e36f8730537e0d53010265f10aafa.jpg,cute outfit for korean women_20250123_210712_2.jpg,2025-01-23 21:07:12,cute outfit for korean women
https://i.pinimg.com/236x/f9/5c/a8/f95ca8a4f0b4efe44c189bafd5faf9e6.jpg,cute outfit for korean women_20250123_210712_3.jpg,2025-01-23 21:07:12,cute outfit for korean women
https://i.pinimg.com/236x/0a/55/66/0a55660c005d7525fc3e6d000715a28e.jpg,cute outfit for korean women_20250123_210712_4.jpg,2025-01-23 21:07:12,cute outfit for korean women
https://i.pinimg.com/236x/6e/0b/0f/6e0b0f6fd90215ce17760ddcf73d8377.jpg,cute outfit for korean women_20250123_210712_5.jpg,2025-01-23 21:07:13,cute outfit for korean women
https://i.pinimg.com/236x/61/04/bb/6104bb8eaeca5572d8c333a1e7358a6a.jpg,cute outfit for korean women_20250123_210713_6.jpg,2025-01-23 21:07:13,cute outfit for korean women
https://i.pinimg.com/236x/8b/6f/d4/8b6fd49db8adcca2ff68da8d553f07a5.jpg,cute outfit for korean women_20250123_210713_7.jpg,2025-01-23 21:07:13,cute outfit for korean women
https://i.pinimg.com/236x/ca/95/ae/ca95ae4176efe76d5d21cbafe85d6267.jpg,cute outfit for korean women_20250123_210713_8.jpg,2025-01-23 21:07:13,cute outfit for korean women
https://i.pinimg.com/236x/88/66/d5/8866d50b693a167509c99faba4b0ea74.jpg,cute outfit for korean women_20250123_210713_9.jpg,2025-01-23 21:07:13,cute outfit for korean women
https://i.pinimg.com/236x/64/ff/6b/64ff6b1edeafc9e68c4e6e2a3181e450.jpg,cute outfit for korean women_20250123_210713_10.jpg,2025-01-23 21:07:14,cute outfit for korean women
https://i.pinimg.com/236x/b4/8e/e9/b48ee99ee4d6127978805ceb3c6ae2b9.jpg,cute outfit for korean women_20250123_210714_11.jpg,2025-01-23 21:07:14,cute outfit for korean women
https://i.pinimg.com/236x/86/a9/45/86a945a59f83e4d929ca4f8421a3126b.jpg,cute outfit for korean women_20250123_210714_12.jpg,2025-01-23 21:07:14,cute outfit for korean women
https://i.pinimg.com/236x/e8/5a/89/e85a8902d80b5e016de0c21bd46d5313.jpg,spring cute outfit for korean women_20250123_210853_0.jpg,2025-01-23 21:08:53,spring cute outfit for korean women
https://i.pinimg.com/236x/14/d6/e9/14d6e9e03cb3ed7fe07050485fb984f5.jpg,spring cute outfit for korean women_20250123_210853_1.jpg,2025-01-23 21:08:53,spring cute outfit for korean women
https://i.pinimg.com/236x/b6/10/f7/b610f7fb5af0a48c6c4463a165c343dc.jpg,spring cute outfit for korean women_20250123_210853_2.jpg,2025-01-23 21:08:53,spring cute outfit for korean women
https://i.pinimg.com/236x/09/5c/17/095c178fc0885415de512ade69e8d8e2.jpg,spring cute outfit for korean women_20250123_210853_3.jpg,2025-01-23 21:08:54,spring cute outfit for korean women
https://i.pinimg.com/236x/1a/91/3f/1a913f2af57b39f845784937a1ef1552.jpg,spring cute outfit for korean women_20250123_210854_4.jpg,2025-01-23 21:08:54,spring cute outfit for korean women
https://i.pinimg.com/236x/6f/a5/3a/6fa53a4b3bf4636f959e5ebbdc4e3977.jpg,spring cute outfit for korean women_20250123_210854_5.jpg,2025-01-23 21:08:54,spring cute outfit for korean women
https://i.pinimg.com/236x/2a/a1/b4/2aa1b4417d670c4e624dbe3212035084.jpg,spring cute outfit for korean women_20250123_210854_6.jpg,2025-01-23 21:08:54,spring cute outfit for korean women
https://i.pinimg.com/236x/f2/b3/63/f2b363f6449d8e880fa940d1e3505fe5.jpg,spring cute outfit for korean women_20250123_210854_7.jpg,2025-01-23 21:08:55,spring cute outfit for korean women
https://i.pinimg.com/236x/bc/47/63/bc476316350c6bd53dfe733473621dd7.jpg,spring cute outfit for korean women_20250123_210855_8.jpg,2025-01-23 21:08:55,spring cute outfit for korean women
https://i.pinimg.com/236x/d6/5f/29/d65f290f7bfa8ad83634df80f3d1cef2.jpg,spring cute outfit for korean women_20250123_210855_9.jpg,2025-01-23 21:08:55,spring cute outfit for korean women
https://i.pinimg.com/236x/d4/9c/6c/d49c6c4393b7b90e78d1691501adc020.jpg,spring cute outfit for korean women_20250123_210855_10.jpg,2025-01-23 21:08:55,spring cute outfit for korean women
https://i.pinimg.com/236x/52/76/30/5276300a1e04c3af9b85a36cbf07a059.jpg,spring cute outfit for korean women_20250123_210855_11.jpg,2025-01-23 21:08:55,spring cute outfit for korean women
https://i.pinimg.com/236x/ba/f6/ca/baf6caf2a4406e49994d249e9ad7ddd1.jpg,spring cute outfit for korean women_20250123_210855_12.jpg,2025-01-23 21:08:56,spring cute outfit for korean women
https://i.pinimg.com/236x/f3/71/70/f371704c61018ae6ff933bb8c57d1969.jpg,short sleeve classy outfit for women_20250128_181148_0.jpg,2025-01-28 18:11:49,short sleeve classy outfit for women
https://i.pinimg.com/236x/48/36/44/483644b8da11a46860622502a16c0497.jpg,short sleeve classy outfit for women_20250128_181149_1.jpg,2025-01-28 18:11:49,short sleeve classy outfit for women
https://i.pinimg.com/236x/21/aa/f1/21aaf1ca598bef2088853eb83d9ffec5.jpg,short sleeve classy outfit for women_20250128_181149_2.jpg,2025-01-28 18:11:49,short sleeve classy outfit for women
https://i.pinimg.com/736x/05/13/5f/05135fa0c68821bd11322f0067f9eeef.jpg,short sleeve classy outfit for women_20250128_181149_3.jpg,2025-01-28 18:11:49,short sleeve classy outfit for women
https://i.pinimg.com/736x/85/c1/e8/85c1e886eca95335439b7d64b6747ce5.jpg,short sleeve classy outfit for women_20250128_181149_4.jpg,2025-01-28 18:11:49,short sleeve classy outfit for women
https://i.pinimg.com/236x/e7/bf/3f/e7bf3fae26cdafa7adf68df0f57c60ab.jpg,short sleeve classy outfit for women_20250128_181149_5.jpg,2025-01-28 18:11:49,short sleeve classy outfit for women
https://i.pinimg.com/236x/a7/8b/5f/a78b5fdecff4d5d87be0c85a2cde2f24.jpg,short sleeve classy outfit for women_20250128_181149_6.jpg,2025-01-28 18:11:49,short sleeve classy outfit for women
https://i.pinimg.com/236x/ee/1e/dd/ee1edd1d4a709dd6519233140fee80ac.jpg,short sleeve classy outfit for women_20250128_181149_7.jpg,2025-01-28 18:11:50,short sleeve classy outfit for women
https://i.pinimg.com/236x/8e/c2/1a/8ec21aba253ef293cb0cddbd8a193e9c.jpg,short sleeve classy outfit for women_20250128_181150_8.jpg,2025-01-28 18:11:50,short sleeve classy outfit for women
https://i.pinimg.com/236x/79/6d/02/796d022d1e35a2765d60100051b7a0a0.jpg,short sleeve classy outfit for women_20250128_181150_9.jpg,2025-01-28 18:11:50,short sleeve classy outfit for women
https://i.pinimg.com/236x/e7/bf/3f/e7bf3fae26cdafa7adf68df0f57c60ab.jpg,short sleeve classy outfit for women_20250128_205511_0.jpg,2025-01-28 20:55:11,short sleeve classy outfit for women
https://i.pinimg.com/236x/ef/dd/ab/efddab53b94e964cd2637a0ab57193b3.jpg,short sleeve classy outfit for women_20250128_205511_1.jpg,2025-01-28 20:55:12,short sleeve classy outfit for women
https://i.pinimg.com/236x/f3/71/70/f371704c61018ae6ff933bb8c57d1969.jpg,short sleeve classy outfit for women_20250128_205512_2.jpg,2025-01-28 20:55:12,short sleeve classy outfit for women
https://i.pinimg.com/736x/05/13/5f/05135fa0c68821bd11322f0067f9eeef.jpg,short sleeve classy outfit for women_20250128_205512_3.jpg,2025-01-28 20:55:12,short sleeve classy outfit for women
https://i.pinimg.com/736x/85/c1/e8/85c1e886eca95335439b7d64b6747ce5.jpg,short sleeve classy outfit for women_20250128_205512_4.jpg,2025-01-28 20:55:13,short sleeve classy outfit for women
https://i.pinimg.com/236x/21/aa/f1/21aaf1ca598bef2088853eb83d9ffec5.jpg,short sleeve classy outfit for women_20250128_205513_5.jpg,2025-01-28 20:55:13,short sleeve classy outfit for women
https://i.pinimg.com/236x/a7/8b/5f/a78b5fdecff4d5d87be0c85a2cde2f24.jpg,short sleeve classy outfit for women_20250128_205513_6.jpg,2025-01-28 20:55:13,short sleeve classy outfit for women
https://i.pinimg.com/236x/ee/1e/dd/ee1edd1d4a709dd6519233140fee80ac.jpg,short sleeve classy outfit for women_20250128_205513_7.jpg,2025-01-28 20:55:13,short sleeve classy outfit for women
https://i.pinimg.com/236x/8e/c2/1a/8ec21aba253ef293cb0cddbd8a193e9c.jpg,short sleeve classy outfit for women_20250128_205513_8.jpg,2025-01-28 20:55:14,short sleeve classy outfit for women
https://i.pinimg.com/236x/79/6d/02/796d022d1e35a2765d60100051b7a0a0.jpg,short sleeve classy outfit for women_20250128_205514_9.jpg,2025-01-28 20:55:14,short sleeve classy outfit for women
https://i.pinimg.com/236x/64/1e/44/641e44dc10d2d50360c29a2ae8b18b5d.jpg,demure outfit for women_20250128_205654_0.jpg,2025-01-28 20:56:55,demure outfit for women
https://i.pinimg.com/236x/23/45/1b/23451b3ff54d0d232b57a00a88484aee.jpg,demure outfit for women_20250128_205655_1.jpg,2025-01-28 20:56:55,demure outfit for women
https://i.pinimg.com/236x/3d/82/5f/3d825fbc8bd94cbd687ea1111fc28c5a.jpg,demure outfit for women_20250128_205655_2.jpg,2025-01-28 20:56:55,demure outfit for women
https://i.pinimg.com/236x/6e/e2/00/6ee200689ff9d2d06a2a3f85ed71cb7c.jpg,demure outfit for women_20250128_205655_3.jpg,2025-01-28 20:56:56,demure outfit for women
https://i.pinimg.com/236x/52/36/bd/5236bdc5cb5daf48edbf3c7216ed1580.jpg,demure outfit for women_20250128_205656_4.jpg,2025-01-28 20:56:56,demure outfit for women
https://i.pinimg.com/236x/da/af/db/daafdbe821cf50a5d24b973911a90415.jpg,demure outfit for women_20250128_205656_5.jpg,2025-01-28 20:56:56,demure outfit for women
https://i.pinimg.com/236x/98/de/df/98dedf61ba4e70bb7f95b4fddeb42de9.jpg,demure outfit for women_20250128_205656_6.jpg,2025-01-28 20:56:57,demure outfit for women
https://i.pinimg.com/236x/29/a8/93/29a8933fea70fb4cb82cd6bdfd4cbabe.jpg,demure outfit for women_20250128_205657_7.jpg,2025-01-28 20:56:57,demure outfit for women
https://i.pinimg.com/236x/44/8a/f2/448af2b404b307e9e252664729e2c1cf.jpg,demure outfit for women_20250128_205657_8.jpg,2025-01-28 20:56:57,demure outfit for women
https://i.pinimg.com/videos/thumbnails/originals/7f/27/e2/7f27e2c8f8d119701cf57b2f1b909daa.0000000.jpg,demure outfit for women_20250128_205657_9.jpg,2025-01-28 20:56:57,demure outfit for women
https://i.pinimg.com/236x/ee/c8/0c/eec80c9dd25d2f207c15c34c060ff5f9.jpg,demure outfit for women_20250128_205657_10.jpg,2025-01-28 20:56:58,demure outfit for women
https://i.pinimg.com/236x/af/83/ad/af83adc6e874cb60c3c186600eec00ee.jpg,daily outfit for korean women_20250128_205837_0.jpg,2025-01-28 20:58:38,daily outfit for korean women
https://i.pinimg.com/236x/cf/4f/fd/cf4ffd823023aa98cd0e9c9820613ff6.jpg,daily outfit for korean women_20250128_205838_1.jpg,2025-01-28 20:58:38,daily outfit for korean women
https://i.pinimg.com/236x/15/0f/d0/150fd04372fbc13eb8a48b8ecbffd97c.jpg,daily outfit for korean women_20250128_205838_2.jpg,2025-01-28 20:58:38,daily outfit for korean women
https://i.pinimg.com/236x/74/b0/b0/74b0b020f194c582475d9966033fad23.jpg,daily outfit for korean women_20250128_205838_3.jpg,2025-01-28 20:58:38,daily outfit for korean women
https://i.pinimg.com/236x/c1/b6/3e/c1b63e404190313ba23bd0268e309fbb.jpg,daily outfit for korean women_20250128_205838_4.jpg,2025-01-28 20:58:38,daily outfit for korean women
https://i.pinimg.com/236x/a5/8c/e8/a58ce8de5582b68ca734715e3ce9b965.jpg,daily outfit for korean women_20250128_205838_5.jpg,2025-01-28 20:58:39,daily outfit for korean women
https://i.pinimg.com/236x/a1/7e/ae/a17eae4779c9b2e3da056ce4fd80b06d.jpg,daily outfit for korean women_20250128_205839_6.jpg,2025-01-28 20:58:39,daily outfit for korean women
https://i.pinimg.com/236x/40/1e/81/401e8178e75cd4de27a5c7dde4cf663d.jpg,daily outfit for korean women_20250128_205839_7.jpg,2025-01-28 20:58:39,daily outfit for korean women
https://i.pinimg.com/236x/7c/59/cb/7c59cb77e7678dee22dff09f4c08e1da.jpg,daily outfit for korean women_20250128_205839_8.jpg,2025-01-28 20:58:39,daily outfit for korean women
https://i.pinimg.com/236x/5f/9e/76/5f9e7682bff1ba1f9cef9d68415c4630.jpg,daily outfit for korean women_20250128_205839_9.jpg,2025-01-28 20:58:39,daily outfit for korean women
https://i.pinimg.com/236x/99/14/31/99143183c829e71cac721cbfcca3f462.jpg,daily outfit for korean women_20250128_205839_10.jpg,2025-01-28 20:58:40,daily outfit for korean women
https://i.pinimg.com/236x/e9/24/e4/e924e4990e57e5c5ba3fdfaba5f65c78.jpg,summer daily outfit for korean women_20250128_210019_0.jpg,2025-01-28 21:00:20,summer daily outfit for korean women
https://i.pinimg.com/236x/e4/e7/e8/e4e7e80314526a2aba354333d8486e37.jpg,summer daily outfit for korean women_20250128_210020_1.jpg,2025-01-28 21:00:20,summer daily outfit for korean women
https://i.pinimg.com/236x/b2/32/39/b232396d62166f55d830390deadfa693.jpg,summer daily outfit for korean women_20250128_210020_2.jpg,2025-01-28 21:00:20,summer daily outfit for korean women
https://i.pinimg.com/236x/d2/51/33/d2513319d4aba6b9da984e2acb651d77.jpg,summer daily outfit for korean women_20250128_210020_3.jpg,2025-01-28 21:00:20,summer daily outfit for korean women
https://i.pinimg.com/236x/84/94/e3/8494e3dcd7b58b02877e51925bdcbe88.jpg,summer daily outfit for korean women_20250128_210020_4.jpg,2025-01-28 21:00:20,summer daily outfit for korean women
https://i.pinimg.com/236x/e8/d8/1c/e8d81c1794f05062b52db8825007a417.jpg,summer daily outfit for korean women_20250128_210020_5.jpg,2025-01-28 21:00:20,summer daily outfit for korean women
https://i.pinimg.com/236x/cc/46/34/cc463462e090ea9a3de3ab207da273fc.jpg,summer daily outfit for korean women_20250128_210020_6.jpg,2025-01-28 21:00:20,summer daily outfit for korean women
https://i.pinimg.com/236x/fc/0d/04/fc0d042cfe7309814e28f6d2c26677da.jpg,summer daily outfit for korean women_20250128_210020_7.jpg,2025-01-28 21:00:20,summer daily outfit for korean women
https://i.pinimg.com/236x/9f/67/fe/9f67fecaf0e051f167b898bba699d6e2.jpg,summer daily outfit for korean women_20250128_210020_8.jpg,2025-01-28 21:00:21,summer daily outfit for korean women
https://i.pinimg.com/236x/ea/1a/e1/ea1ae1c01254a988a8c994be5e6a5dee.jpg,summer daily outfit for korean women_20250128_210021_9.jpg,2025-01-28 21:00:21,summer daily outfit for korean women
https://i.pinimg.com/236x/7d/48/01/7d4801df3c071a31f07a7fc0a8456bb6.jpg,summer daily outfit for korean women_20250128_210021_10.jpg,2025-01-28 21:00:21,summer daily outfit for korean women
https://i.pinimg.com/236x/d7/27/a9/d727a90a56ab9ee3bb8eac53c77a141d.jpg,winter daily outfit for korean women_20250128_210200_0.jpg,2025-01-28 21:02:00,winter daily outfit for korean women
https://i.pinimg.com/236x/8d/57/9b/8d579bf6f3c047e66469ce60b1c677e1.jpg,winter daily outfit for korean women_20250128_210200_1.jpg,2025-01-28 21:02:01,winter daily outfit for korean women
https://i.pinimg.com/236x/5a/be/5f/5abe5ff0dcd4e6b43a2b7caf516c6779.jpg,winter daily outfit for korean women_20250128_210201_2.jpg,2025-01-28 21:02:01,winter daily outfit for korean women
https://i.pinimg.com/236x/82/f1/77/82f177ba6de49b4d9b73bf655229096e.jpg,winter daily outfit for korean women_20250128_210201_3.jpg,2025-01-28 21:02:01,winter daily outfit for korean women
https://i.pinimg.com/236x/13/f7/93/13f793d6dac2e96a221a94b5e50be7ca.jpg,winter daily outfit for korean women_20250128_210201_4.jpg,2025-01-28 21:02:01,winter daily outfit for korean women
https://i.pinimg.com/236x/c9/73/b6/c973b62d9f24657b422f53b35e669d41.jpg,winter daily outfit for korean women_20250128_210201_5.jpg,2025-01-28 21:02:02,winter daily outfit for korean women
https://i.pinimg.com/236x/8f/4f/16/8f4f16104891ebb8984dee2156e3f80b.jpg,winter daily outfit for korean women_20250128_210202_6.jpg,2025-01-28 21:02:02,winter daily outfit for korean women
https://i.pinimg.com/236x/53/89/ad/5389ad48abdfd737780a5d0c1265ffb1.jpg,winter daily outfit for korean women_20250128_210202_7.jpg,2025-01-28 21:02:02,winter daily outfit for korean women
https://i.pinimg.com/236x/e8/4c/17/e84c17431cd0890bc9de2456dc3b6061.jpg,winter daily outfit for korean women_20250128_210202_8.jpg,2025-01-28 21:02:02,winter daily outfit for korean women
https://i.pinimg.com/236x/72/b5/0e/72b50e1e4c7556c793ff42480cfdc7a8.jpg,winter daily outfit for korean women_20250128_210202_9.jpg,2025-01-28 21:02:02,winter daily outfit for korean women
https://i.pinimg.com/236x/78/aa/60/78aa60f7dd0bc7fa3e89b049645cd7e9.jpg,winter daily outfit for korean women_20250128_210202_10.jpg,2025-01-28 21:02:03,winter daily outfit for korean women
https://i.pinimg.com/236x/f1/74/af/f174afaf123d3d872e9b3ef0a0477367.jpg,winter daily outfit for korean women_20250128_210203_11.jpg,2025-01-28 21:02:03,winter daily outfit for korean women
https://i.pinimg.com/236x/7d/cc/e5/7dcce50180320298655bb2b2aaa714a0.jpg,resort outfit for korean women_20250128_210341_0.jpg,2025-01-28 21:03:42,resort outfit for korean women
https://i.pinimg.com/236x/52/fc/43/52fc43440b7db26d684672e06c938717.jpg,resort outfit for korean women_20250128_210342_1.jpg,2025-01-28 21:03:42,resort outfit for korean women
https://i.pinimg.com/236x/80/a9/44/80a944142791a263edb0e68496d7a5e1.jpg,resort outfit for korean women_20250128_210342_2.jpg,2025-01-28 21:03:42,resort outfit for korean women
https://i.pinimg.com/236x/c0/ab/06/c0ab06db2a834cc8a64cfda90cc3c558.jpg,resort outfit for korean women_20250128_210342_3.jpg,2025-01-28 21:03:42,resort outfit for korean women
https://i.pinimg.com/236x/35/d7/62/35d7626c2a65805eaafb63fa425fe28f.jpg,resort outfit for korean women_20250128_210342_4.jpg,2025-01-28 21:03:42,resort outfit for korean women
https://i.pinimg.com/236x/5e/e2/cb/5ee2cb4acd664c8bc5769d25db0add52.jpg,resort outfit for korean women_20250128_210342_5.jpg,2025-01-28 21:03:43,resort outfit for korean women
https://i.pinimg.com/236x/5b/61/bf/5b61bffef3f16f2e0a46b002662eddcc.jpg,resort outfit for korean women_20250128_210343_6.jpg,2025-01-28 21:03:43,resort outfit for korean women
https://i.pinimg.com/236x/ba/af/1d/baaf1d305ff38dfd142f742d46f3d5a7.jpg,resort outfit for korean women_20250128_210343_7.jpg,2025-01-28 21:03:43,resort outfit for korean women
https://i.pinimg.com/236x/42/a2/a3/42a2a36afdf522f9331526c103d02546.jpg,resort outfit for korean women_20250128_210343_8.jpg,2025-01-28 21:03:43,resort outfit for korean women
https://i.pinimg.com/236x/f4/8f/f5/f48ff5aef487574d9ef6ce493de315be.jpg,resort outfit for korean women_20250128_210343_9.jpg,2025-01-28 21:03:44,resort outfit for korean women
https://i.pinimg.com/236x/a1/20/42/a120421445fcc1adc46915f0185dce71.jpg,resort outfit for korean women_20250128_210344_10.jpg,2025-01-28 21:03:44,resort outfit for korean women
https://i.pinimg.com/236x/6c/14/e4/6c14e461bbdde3af502e833f9fc84a00.jpg,resort outfit for korean women_20250128_210344_11.jpg,2025-01-28 21:03:44,resort outfit for korean women
https://i.pinimg.com/236x/48/bf/4e/48bf4ed1c64ebcf51d361be934f9c30e.jpg,resort outfit for korean women_20250128_210344_12.jpg,2025-01-28 21:03:44,resort outfit for korean women
https://i.pinimg.com/236x/ab/ff/3f/abff3f7009b74b24f54fbd086443ea5b.jpg,resort outfit for korean women_20250128_210344_13.jpg,2025-01-28 21:03:45,resort outfit for korean women
https://i.pinimg.com/236x/db/8d/53/db8d535f891653d9b26c1227cc8aabe7.jpg,resort outfit for korean women_20250128_210345_14.jpg,2025-01-28 21:03:45,resort outfit for korean women
https://i.pinimg.com/236x/1d/95/dd/1d95dd2141e5b1e58d020221e2aefa5c.jpg,cute outfit for korean women_20250128_210524_0.jpg,2025-01-28 21:05:24,cute outfit for korean women
https://i.pinimg.com/236x/fd/6b/6e/fd6b6eb3048a5ee532e87674283f06e1.jpg,cute outfit for korean women_20250128_210524_1.jpg,2025-01-28 21:05:24,cute outfit for korean women
https://i.pinimg.com/236x/54/e5/b0/54e5b07d347d12ce6b909bdee5579329.jpg,cute outfit for korean women_20250128_210524_2.jpg,2025-01-28 21:05:25,cute outfit for korean women
https://i.pinimg.com/236x/7d/00/99/7d0099489294cd2b35d0f5157b3cb1a4.jpg,cute outfit for korean women_20250128_210525_3.jpg,2025-01-28 21:05:25,cute outfit for korean women
https://i.pinimg.com/236x/f3/54/2f/f3542fd74b729f9b773fb959c64734b4.jpg,cute outfit for korean women_20250128_210525_4.jpg,2025-01-28 21:05:25,cute outfit for korean women
https://i.pinimg.com/236x/2b/e3/c8/2be3c85f510eb07192efe6108097fca4.jpg,cute outfit for korean women_20250128_210525_5.jpg,2025-01-28 21:05:25,cute outfit for korean women
https://i.pinimg.com/236x/64/3f/dc/643fdc34253452ca17736ec0940b49db.jpg,cute outfit for korean women_20250128_210525_6.jpg,2025-01-28 21:05:25,cute outfit for korean women
https://i.pinimg.com/236x/13/b5/e3/13b5e32534a91692ca31612a559efb80.jpg,cute outfit for korean women_20250128_210525_7.jpg,2025-01-28 21:05:26,cute outfit for korean women
https://i.pinimg.com/236x/c0/80/ae/c080ae8f1056ae1060da44d8c4a01be9.jpg,cute outfit for korean women_20250128_210526_8.jpg,2025-01-28 21:05:26,cute outfit for korean women
https://i.pinimg.com/236x/01/b0/05/01b00509f9d739bd9c13462989bee352.jpg,cute outfit for korean women_20250128_210526_9.jpg,2025-01-28 21:05:26,cute outfit for korean women
https://i.pinimg.com/236x/d9/db/b0/d9dbb0291c7133330a62066c7deeebc3.jpg,spring cute outfit for korean women_20250128_210706_0.jpg,2025-01-28 21:07:07,spring cute outfit for korean women
https://i.pinimg.com/236x/6f/8a/16/6f8a16cbb71819af818eba9efc347271.jpg,spring cute outfit for korean women_20250128_210707_1.jpg,2025-01-28 21:07:07,spring cute outfit for korean women
https://i.pinimg.com/236x/55/0e/aa/550eaa3be5f411f7352cdff754267719.jpg,spring cute outfit for korean women_20250128_210707_2.jpg,2025-01-28 21:07:07,spring cute outfit for korean women
https://i.pinimg.com/236x/27/20/d7/2720d7fead5ec681dae53893ccd0d4e6.jpg,spring cute outfit for korean women_20250128_210707_3.jpg,2025-01-28 21:07:07,spring cute outfit for korean women
https://i.pinimg.com/236x/dc/f2/27/dcf227ed7d8585a13d6e0dd2da1e748b.jpg,spring cute outfit for korean women_20250128_210707_4.jpg,2025-01-28 21:07:08,spring cute outfit for korean women
https://i.pinimg.com/236x/5c/50/07/5c5007f39bffadb9bc96d3e701e8322e.jpg,spring cute outfit for korean women_20250128_210708_5.jpg,2025-01-28 21:07:08,spring cute outfit for korean women
https://i.pinimg.com/236x/49/cd/40/49cd403d24cbb53faab87719bc6cd6d9.jpg,spring cute outfit for korean women_20250128_210708_6.jpg,2025-01-28 21:07:08,spring cute outfit for korean women
https://i.pinimg.com/236x/8f/ca/fa/8fcafaca69c98a5acf24dafc6b49d19c.jpg,spring cute outfit for korean women_20250128_210708_7.jpg,2025-01-28 21:07:08,spring cute outfit for korean women
https://i.pinimg.com/236x/e6/22/34/e622348770461d059f4490da4edd7238.jpg,spring cute outfit for korean women_20250128_210708_8.jpg,2025-01-28 21:07:08,spring cute outfit for korean women
https://i.pinimg.com/236x/55/6e/56/556e56727178b6c3a0c65f382a0448ec.jpg,spring cute outfit for korean women_20250128_210708_9.jpg,2025-01-28 21:07:08,spring cute outfit for korean women
https://i.pinimg.com/236x/62/5f/2a/625f2ae054cbb5cc1b9f579f4ba8198f.jpg,spring cute outfit for korean women_20250128_210708_10.jpg,2025-01-28 21:07:08,spring cute outfit for korean women
https://i.pinimg.com/236x/6c/2e/6c/6c2e6c7529a1da81755831800619499e.jpg,spring cute outfit for korean women_20250128_210708_11.jpg,2025-01-28 21:07:08,spring cute outfit for korean women
https://i.pinimg.com/236x/0f/f5/41/0ff54161b5a08772da0270e4c652211f.jpg,spring cute outfit for korean women_20250128_210709_12.jpg,2025-01-28 21:07:09,spring cute outfit for korean women
https://i.pinimg.com/236x/db/15/e0/db15e0b7f1c311858b47aa659183ec41.jpg,spring cute outfit for korean women_20250128_210709_13.jpg,2025-01-28 21:07:09,spring cute outfit for korean women
https://i.pinimg.com/236x/01/a1/ad/01a1ad9e2c8ba651963e4fcbdf3aebe9.jpg,short sleeve classy outfit for women_20250128_211708_0.jpg,2025-01-28 21:17:09,short sleeve classy outfit for women
https://i.pinimg.com/236x/e7/bf/3f/e7bf3fae26cdafa7adf68df0f57c60ab.jpg,short sleeve classy outfit for women_20250128_211709_1.jpg,2025-01-28 21:17:09,short sleeve classy outfit for women
https://i.pinimg.com/236x/ef/dd/ab/efddab53b94e964cd2637a0ab57193b3.jpg,short sleeve classy outfit for women_20250128_211709_2.jpg,2025-01-28 21:17:09,short sleeve classy outfit for women
https://i.pinimg.com/236x/f3/71/70/f371704c61018ae6ff933bb8c57d1969.jpg,short sleeve classy outfit for women_20250128_211709_3.jpg,2025-01-28 21:17:09,short sleeve classy outfit for women
https://i.pinimg.com/736x/05/13/5f/05135fa0c68821bd11322f0067f9eeef.jpg,short sleeve classy outfit for women_20250128_211709_4.jpg,2025-01-28 21:17:09,short sleeve classy outfit for women
https://i.pinimg.com/736x/85/c1/e8/85c1e886eca95335439b7d64b6747ce5.jpg,short sleeve classy outfit for women_20250128_211709_5.jpg,2025-01-28 21:17:09,short sleeve classy outfit for women
https://i.pinimg.com/236x/21/aa/f1/21aaf1ca598bef2088853eb83d9ffec5.jpg,short sleeve classy outfit for women_20250128_211709_6.jpg,2025-01-28 21:17:09,short sleeve classy outfit for women
https://i.pinimg.com/236x/a7/8b/5f/a78b5fdecff4d5d87be0c85a2cde2f24.jpg,short sleeve classy outfit for women_20250128_211709_7.jpg,2025-01-28 21:17:09,short sleeve classy outfit for women
https://i.pinimg.com/236x/8e/c2/1a/8ec21aba253ef293cb0cddbd8a193e9c.jpg,short sleeve classy outfit for women_20250128_211709_8.jpg,2025-01-28 21:17:09,short sleeve classy outfit for women
https://i.pinimg.com/236x/79/6d/02/796d022d1e35a2765d60100051b7a0a0.jpg,short sleeve classy outfit for women_20250128_211709_9.jpg,2025-01-28 21:17:09,short sleeve classy outfit for women
https://i.pinimg.com/236x/64/1e/44/641e44dc10d2d50360c29a2ae8b18b5d.jpg,demure outfit for women_20250128_211849_0.jpg,2025-01-28 21:18:49,demure outfit for women
https://i.pinimg.com/236x/3d/82/5f/3d825fbc8bd94cbd687ea1111fc28c5a.jpg,demure outfit for women_20250128_211849_1.jpg,2025-01-28 21:18:49,demure outfit for women
https://i.pinimg.com/236x/c0/64/0d/c0640df8f91895b6a922bf646d4ede8c.jpg,demure outfit for women_20250128_211849_2.jpg,2025-01-28 21:18:49,demure outfit for women
https://i.pinimg.com/236x/a6/57/6b/a6576b3d2c22c29c920b898d2f183be5.jpg,demure outfit for women_20250128_211849_3.jpg,2025-01-28 21:18:49,demure outfit for women
https://i.pinimg.com/236x/da/af/db/daafdbe821cf50a5d24b973911a90415.jpg,demure outfit for women_20250128_211849_4.jpg,2025-01-28 21:18:49,demure outfit for women
https://i.pinimg.com/236x/51/40/ac/5140ac2e788da796d6eec86677f4e553.jpg,demure outfit for women_20250128_211849_5.jpg,2025-01-28 21:18:50,demure outfit for women
https://i.pinimg.com/236x/6e/e2/00/6ee200689ff9d2d06a2a3f85ed71cb7c.jpg,demure outfit for women_20250128_211850_6.jpg,2025-01-28 21:18:50,demure outfit for women
https://i.pinimg.com/236x/98/de/df/98dedf61ba4e70bb7f95b4fddeb42de9.jpg,demure outfit for women_20250128_211850_7.jpg,2025-01-28 21:18:50,demure outfit for women
https://i.pinimg.com/236x/44/8a/f2/448af2b404b307e9e252664729e2c1cf.jpg,demure outfit for women_20250128_211850_8.jpg,2025-01-28 21:18:50,demure outfit for women
https://i.pinimg.com/236x/29/a8/93/29a8933fea70fb4cb82cd6bdfd4cbabe.jpg,demure outfit for women_20250128_211850_9.jpg,2025-01-28 21:18:50,demure outfit for women
https://i.pinimg.com/236x/d9/d1/33/d9d133316f7596e1c9f94053b993cf48.jpg,demure outfit for women_20250128_211850_10.jpg,2025-01-28 21:18:50,demure outfit for women
https://i.pinimg.com/236x/53/0f/9a/530f9aa4f5909237c5987a9e4bfee454.jpg,daily outfit for korean women_20250128_212030_0.jpg,2025-01-28 21:20:30,daily outfit for korean women
https://i.pinimg.com/236x/cf/4f/fd/cf4ffd823023aa98cd0e9c9820613ff6.jpg,daily outfit for korean women_20250128_212030_1.jpg,2025-01-28 21:20:30,daily outfit for korean women
https://i.pinimg.com/236x/15/0f/d0/150fd04372fbc13eb8a48b8ecbffd97c.jpg,daily outfit for korean women_20250128_212030_2.jpg,2025-01-28 21:20:30,daily outfit for korean women
https://i.pinimg.com/videos/thumbnails/originals/36/77/60/3677603571256e641419a72b5bf40c9b.0000000.jpg,daily outfit for korean women_20250128_212030_3.jpg,2025-01-28 21:20:31,daily outfit for korean women
https://i.pinimg.com/236x/c1/b6/3e/c1b63e404190313ba23bd0268e309fbb.jpg,daily outfit for korean women_20250128_212031_4.jpg,2025-01-28 21:20:31,daily outfit for korean women
https://i.pinimg.com/236x/a4/6d/75/a46d75c13248862e10c526a4f587c7c0.jpg,daily outfit for korean women_20250128_212031_5.jpg,2025-01-28 21:20:31,daily outfit for korean women
https://i.pinimg.com/236x/40/1e/81/401e8178e75cd4de27a5c7dde4cf663d.jpg,daily outfit for korean women_20250128_212031_6.jpg,2025-01-28 21:20:31,daily outfit for korean women
https://i.pinimg.com/236x/7c/59/cb/7c59cb77e7678dee22dff09f4c08e1da.jpg,daily outfit for korean women_20250128_212031_7.jpg,2025-01-28 21:20:31,daily outfit for korean women
https://i.pinimg.com/236x/5f/9e/76/5f9e7682bff1ba1f9cef9d68415c4630.jpg,daily outfit for korean women_20250128_212031_8.jpg,2025-01-28 21:20:31,daily outfit for korean women
https://i.pinimg.com/236x/74/b0/b0/74b0b020f194c582475d9966033fad23.jpg,daily outfit for korean women_20250128_212031_9.jpg,2025-01-28 21:20:31,daily outfit for korean women
https://i.pinimg.com/236x/99/14/31/99143183c829e71cac721cbfcca3f462.jpg,daily outfit for korean women_20250128_212031_10.jpg,2025-01-28 21:20:31,daily outfit for korean women
https://i.pinimg.com/236x/a5/8c/e8/a58ce8de5582b68ca734715e3ce9b965.jpg,daily outfit for korean women_20250128_212031_11.jpg,2025-01-28 21:20:31,daily outfit for korean women
https://i.pinimg.com/236x/e5/1f/ca/e51fca4e958c3c362d27e1048951ff41.jpg,daily outfit for korean women_20250128_212031_12.jpg,2025-01-28 21:20:32,daily outfit for korean women
https://i.pinimg.com/236x/84/94/e3/8494e3dcd7b58b02877e51925bdcbe88.jpg,summer daily outfit for korean women_20250128_212218_0.jpg,2025-01-28 21:22:19,summer daily outfit for korean women
https://i.pinimg.com/236x/e8/d8/1c/e8d81c1794f05062b52db8825007a417.jpg,summer daily outfit for korean women_20250128_212219_1.jpg,2025-01-28 21:22:19,summer daily outfit for korean women
https://i.pinimg.com/236x/cc/46/34/cc463462e090ea9a3de3ab207da273fc.jpg,summer daily outfit for korean women_20250128_212219_2.jpg,2025-01-28 21:22:19,summer daily outfit for korean women
https://i.pinimg.com/236x/fc/0d/04/fc0d042cfe7309814e28f6d2c26677da.jpg,summer daily outfit for korean women_20250128_212219_3.jpg,2025-01-28 21:22:19,summer daily outfit for korean women
https://i.pinimg.com/236x/9f/67/fe/9f67fecaf0e051f167b898bba699d6e2.jpg,summer daily outfit for korean women_20250128_212219_4.jpg,2025-01-28 21:22:19,summer daily outfit for korean women
https://i.pinimg.com/236x/ea/1a/e1/ea1ae1c01254a988a8c994be5e6a5dee.jpg,summer daily outfit for korean women_20250128_212219_5.jpg,2025-01-28 21:22:19,summer daily outfit for korean women
https://i.pinimg.com/236x/f1/df/6c/f1df6c7eaeb365001b42d69447a7ce6b.jpg,summer daily outfit for korean women_20250128_212219_6.jpg,2025-01-28 21:22:20,summer daily outfit for korean women
https://i.pinimg.com/236x/33/4a/27/334a2710ce0fd8f76315d20b456083a4.jpg,summer daily outfit for korean women_20250128_212220_7.jpg,2025-01-28 21:22:20,summer daily outfit for korean women
https://i.pinimg.com/236x/2f/cc/20/2fcc20c47b1e14f3a6b81080d9f6335a.jpg,summer daily outfit for korean women_20250128_212220_8.jpg,2025-01-28 21:22:20,summer daily outfit for korean women
https://i.pinimg.com/236x/4c/ba/36/4cba368aaa0f986e218b994c3ae7588d.jpg,summer daily outfit for korean women_20250128_212220_9.jpg,2025-01-28 21:22:21,summer daily outfit for korean women
https://i.pinimg.com/236x/20/07/47/2007479c099a7254ac3d35a8a6172b1f.jpg,winter daily outfit for korean women_20250128_212401_0.jpg,2025-01-28 21:24:01,winter daily outfit for korean women
https://i.pinimg.com/236x/ef/a5/bd/efa5bd457f0c4b3c232df5ce29dec12b.jpg,winter daily outfit for korean women_20250128_212401_1.jpg,2025-01-28 21:24:01,winter daily outfit for korean women
https://i.pinimg.com/236x/5a/be/5f/5abe5ff0dcd4e6b43a2b7caf516c6779.jpg,winter daily outfit for korean women_20250128_212401_2.jpg,2025-01-28 21:24:01,winter daily outfit for korean women
https://i.pinimg.com/236x/e8/4c/17/e84c17431cd0890bc9de2456dc3b6061.jpg,winter daily outfit for korean women_20250128_212401_3.jpg,2025-01-28 21:24:01,winter daily outfit for korean women
https://i.pinimg.com/236x/13/f7/93/13f793d6dac2e96a221a94b5e50be7ca.jpg,winter daily outfit for korean women_20250128_212401_4.jpg,2025-01-28 21:24:02,winter daily outfit for korean women
https://i.pinimg.com/236x/c9/73/b6/c973b62d9f24657b422f53b35e669d41.jpg,winter daily outfit for korean women_20250128_212402_5.jpg,2025-01-28 21:24:02,winter daily outfit for korean women
https://i.pinimg.com/236x/8f/4f/16/8f4f16104891ebb8984dee2156e3f80b.jpg,winter daily outfit for korean women_20250128_212402_6.jpg,2025-01-28 21:24:02,winter daily outfit for korean women
https://i.pinimg.com/236x/53/89/ad/5389ad48abdfd737780a5d0c1265ffb1.jpg,winter daily outfit for korean women_20250128_212402_7.jpg,2025-01-28 21:24:02,winter daily outfit for korean women
https://i.pinimg.com/236x/78/aa/60/78aa60f7dd0bc7fa3e89b049645cd7e9.jpg,winter daily outfit for korean women_20250128_212402_8.jpg,2025-01-28 21:24:02,winter daily outfit for korean women
https://i.pinimg.com/236x/72/b5/0e/72b50e1e4c7556c793ff42480cfdc7a8.jpg,winter daily outfit for korean women_20250128_212402_9.jpg,2025-01-28 21:24:02,winter daily outfit for korean women
https://i.pinimg.com/236x/c1/37/53/c1375306748a40e6dab83a20570eaa5e.jpg,winter daily outfit for korean women_20250128_212402_10.jpg,2025-01-28 21:24:02,winter daily outfit for korean women
https://i.pinimg.com/236x/f1/74/af/f174afaf123d3d872e9b3ef0a0477367.jpg,winter daily outfit for korean women_20250128_212402_11.jpg,2025-01-28 21:24:02,winter daily outfit for korean women
https://i.pinimg.com/236x/a7/c6/4f/a7c64f227ed6eec25a213d327488e432.jpg,winter daily outfit for korean women_20250128_212402_12.jpg,2025-01-28 21:24:03,winter daily outfit for korean women
